order_id,date,day_of_week,time_of_day,item_name,category,quantity,unit_price,total_price,payment_method,server,table_number,discount_applied
1001,2024-01-08,Monday,Evening,Fresh Juice,Drinks,3,700.0,2100.0,Cash,Chukwu,8.0,False
1002,2024-01-08,Monday,Morning,Jollof Rice,Mains,3,1800.0,5400.0,Cash,Emeka,14.0,False
1003,2024-01-08,Monday,Evening,Beef Suya,Starters,2,1100.0,2200.0,Card,Amaka,1.0,False
1004,2024-01-08,Monday,Evening,Chin Chin,Desserts,1,500.0,450.0,Cash,Emeka,3.0,True
1005,2024-01-08,Monday,Evening,Zobo,Drinks,5,400.0,1800.0,Card,Chukwu,5.0,True
1006,2024-01-08,Monday,Evening,Beef Suya,Starters,1,1100.0,990.0,Card,Blessing,7.0,True
1007,2024-01-08,Monday,Evening,Puff Puff,Desserts,5,450.0,2250.0,Cash,Blessing,11.0,False
1008,2024-01-08,Monday,Evening,Beef Suya,Starters,2,1100.0,2200.0,Transfer,Chukwu,,False
1009,2024-01-08,Monday,Evening,Puff Puff,Desserts,1,450.0,450.0,Cash,Amaka,,False
1010,2024-01-08,Monday,Morning,Jollof Rice,Mains,4,1800.0,7200.0,Transfer,Amaka,6.0,False
1011,2024-01-09,Tuesday,Afternoon,Egusi Soup,Mains,3,1500.0,4500.0,Cash,Chukwu,14.0,False
1012,2024-01-09,Tuesday,Morning,Pounded Yam,Mains,2,2200.0,4400.0,Cash,Amaka,7.0,False
1013,2024-01-09,Tuesday,Afternoon,Beef Suya,Starters,5,1100.0,5500.0,Cash,Emeka,5.0,False
1014,2024-01-09,Tuesday,Afternoon,Beef Suya,Starters,5,1100.0,5500.0,Cash,Emeka,11.0,False
1015,2024-01-09,Tuesday,Evening,Pepper Soup,Starters,2,1200.0,2400.0,Card,Amaka,15.0,False
1016,2024-01-09,Tuesday,Afternoon,Spring Rolls,Starters,2,900.0,1800.0,Card,Blessing,8.0,False
1017,2024-01-09,Tuesday,Afternoon,Fresh Juice,Drinks,2,700.0,1400.0,Cash,Chukwu,12.0,False
1018,2024-01-09,Tuesday,Afternoon,Beef Suya,Starters,1,1100.0,1100.0,Card,Blessing,1.0,False
1019,2024-01-09,Tuesday,Morning,Beef Suya,Starters,1,1100.0,1100.0,Cash,Chukwu,5.0,False
1020,2024-01-09,Tuesday,Evening,Pounded Yam,Mains,1,2200.0,2200.0,Card,Amaka,,False
1021,2024-01-09,Tuesday,Evening,Jollof Rice,Mains,2,1800.0,3600.0,Cash,Chukwu,6.0,False
1022,2024-01-09,Tuesday,Afternoon,Jollof Rice,Mains,3,1800.0,4860.0,Cash,Amaka,,True
1023,2024-01-10,Wednesday,Evening,Beef Suya,Starters,3,1100.0,3300.0,Transfer,Amaka,5.0,False
1024,2024-01-10,Wednesday,Morning,Puff Puff,Desserts,1,450.0,450.0,Cash,Amaka,13.0,False
1025,2024-01-10,Wednesday,Evening,Jollof Rice,Mains,2,1800.0,3600.0,Cash,Emeka,,False
1026,2024-01-10,Wednesday,Afternoon,Chapman,Drinks,3,600.0,1800.0,Transfer,Chukwu,14.0,False
1027,2024-01-10,Wednesday,Afternoon,Chin Chin,Desserts,2,500.0,1000.0,Cash,Amaka,2.0,False
1028,2024-01-10,Wednesday,Morning,Zobo,Drinks,1,400.0,400.0,Cash,Chukwu,15.0,False
1029,2024-01-10,Wednesday,Afternoon,Pounded Yam,Mains,1,2200.0,2200.0,Card,Emeka,10.0,False
1030,2024-01-11,Thursday,Afternoon,Spring Rolls,Starters,3,900.0,2430.0,Transfer,Amaka,8.0,True
1031,2024-01-11,Thursday,Afternoon,Chapman,Drinks,2,600.0,1200.0,Card,Emeka,15.0,False
1032,2024-01-11,Thursday,Afternoon,Zobo,Drinks,2,400.0,800.0,Card,Emeka,,False
1033,2024-01-11,Thursday,Afternoon,Egusi Soup,Mains,4,1500.0,5400.0,Transfer,Amaka,,True
1034,2024-01-11,Thursday,Afternoon,Spring Rolls,Starters,1,900.0,900.0,Cash,Chukwu,,False
1035,2024-01-11,Thursday,Morning,Puff Puff,Desserts,4,450.0,1800.0,Cash,Blessing,,False
1036,2024-01-12,Friday,Afternoon,Chin Chin,Desserts,2,500.0,1000.0,Cash,Emeka,,False
1037,2024-01-12,Friday,Afternoon,Jollof Rice,Mains,1,1800.0,1800.0,Transfer,Blessing,6.0,False
1038,2024-01-12,Friday,Afternoon,Beef Suya,Starters,1,1100.0,1100.0,Card,Chukwu,,False
1039,2024-01-13,Saturday,Afternoon,Egusi Soup,Mains,4,1500.0,6000.0,Card,Amaka,6.0,False
1040,2024-01-13,Saturday,Morning,Chin Chin,Desserts,3,500.0,1500.0,Card,Amaka,10.0,False
1041,2024-01-13,Saturday,Afternoon,Chin Chin,Desserts,4,500.0,1800.0,Card,Blessing,2.0,True
1042,2024-01-13,Saturday,Evening,Chapman,Drinks,2,600.0,1200.0,Cash,Blessing,5.0,False
1043,2024-01-14,Sunday,Morning,Puff Puff,Desserts,2,450.0,810.0,Card,Chukwu,1.0,True
1044,2024-01-14,Sunday,Morning,Spring Rolls,Starters,1,900.0,900.0,Cash,Blessing,,False
1045,2024-01-14,Sunday,Morning,Fresh Juice,Drinks,4,700.0,2520.0,Card,Emeka,8.0,True
1046,2024-01-14,Sunday,Evening,Pounded Yam,Mains,2,2200.0,4400.0,Cash,Chukwu,8.0,False
1047,2024-01-14,Sunday,Afternoon,Chin Chin,Desserts,3,500.0,1500.0,Card,Amaka,6.0,False
1048,2024-01-14,Sunday,Afternoon,Pepper Soup,Starters,2,1200.0,2400.0,Cash,Blessing,14.0,False
1049,2024-01-15,Monday,Evening,Spring Rolls,Starters,2,900.0,1800.0,Cash,Blessing,,False
1050,2024-01-15,Monday,Afternoon,Puff Puff,Desserts,2,450.0,900.0,Cash,Emeka,1.0,False
1051,2024-01-15,Monday,Afternoon,Chin Chin,Desserts,3,500.0,1500.0,Card,Blessing,15.0,False
1052,2024-01-15,Monday,Morning,Beef Suya,Starters,5,1100.0,4950.0,Card,Amaka,3.0,True
1053,2024-01-15,Monday,Morning,Fresh Juice,Drinks,3,700.0,2100.0,Card,Blessing,14.0,False
1054,2024-01-15,Monday,Evening,Egusi Soup,Mains,1,1500.0,1500.0,Card,Chukwu,9.0,False
1055,2024-01-15,Monday,Afternoon,Chin Chin,Desserts,2,500.0,1000.0,Card,Emeka,6.0,False
1056,2024-01-15,Monday,Evening,Jollof Rice,Mains,1,1800.0,1800.0,Cash,Chukwu,,False
1057,2024-01-16,Tuesday,Evening,Zobo,Drinks,1,400.0,400.0,Card,Emeka,4.0,False
1058,2024-01-16,Tuesday,Evening,Jollof Rice,Mains,2,1800.0,3600.0,Card,Chukwu,13.0,False
1059,2024-01-16,Tuesday,Morning,Zobo,Drinks,1,400.0,360.0,Card,Amaka,1.0,True
1060,2024-01-16,Tuesday,Evening,Pepper Soup,Starters,2,1200.0,2400.0,Card,Emeka,,False
1061,2024-01-16,Tuesday,Morning,Beef Suya,Starters,3,1100.0,3300.0,Card,Emeka,11.0,False
1062,2024-01-16,Tuesday,Evening,Pepper Soup,Starters,1,1200.0,1200.0,Card,Emeka,10.0,False
1063,2024-01-16,Tuesday,Morning,Beef Suya,Starters,4,1100.0,4400.0,Cash,Amaka,,False
1064,2024-01-17,Wednesday,Evening,Beef Suya,Starters,1,1100.0,1100.0,Card,Amaka,10.0,False
1065,2024-01-17,Wednesday,Morning,Puff Puff,Desserts,1,450.0,450.0,Cash,Amaka,7.0,False
1066,2024-01-18,Thursday,Evening,Spring Rolls,Starters,5,900.0,4500.0,Cash,Amaka,6.0,False
1067,2024-01-18,Thursday,Afternoon,Fresh Juice,Drinks,2,700.0,1400.0,Card,Chukwu,5.0,False
1068,2024-01-18,Thursday,Afternoon,Egusi Soup,Mains,1,1500.0,1500.0,Transfer,Chukwu,11.0,False
1069,2024-01-19,Friday,Morning,Jollof Rice,Mains,2,1800.0,3600.0,Transfer,Chukwu,,False
1070,2024-01-19,Friday,Afternoon,Chapman,Drinks,1,600.0,600.0,Card,Blessing,12.0,False
1071,2024-01-19,Friday,Evening,Jollof Rice,Mains,1,1800.0,1800.0,Cash,Chukwu,15.0,False
1072,2024-01-19,Friday,Afternoon,Jollof Rice,Mains,1,1800.0,1800.0,Cash,Blessing,3.0,False
1073,2024-01-19,Friday,Afternoon,Jollof Rice,Mains,1,1800.0,1800.0,Card,Chukwu,3.0,False
1074,2024-01-19,Friday,Afternoon,Pounded Yam,Mains,2,2200.0,4400.0,Card,Blessing,,False
1075,2024-01-19,Friday,Afternoon,Zobo,Drinks,4,400.0,1440.0,Cash,Chukwu,1.0,True
1076,2024-01-20,Saturday,Evening,Beef Suya,Starters,3,1100.0,3300.0,Cash,Amaka,8.0,False
1077,2024-01-20,Saturday,Evening,Fresh Juice,Drinks,1,700.0,630.0,Cash,Amaka,8.0,True
1078,2024-01-20,Saturday,Evening,Fresh Juice,Drinks,3,700.0,2100.0,Transfer,Emeka,6.0,False
1079,2024-01-20,Saturday,Morning,Zobo,Drinks,4,400.0,1600.0,Cash,Blessing,13.0,False
1080,2024-01-21,Sunday,Evening,Beef Suya,Starters,3,1100.0,3300.0,Card,Blessing,2.0,False
1081,2024-01-21,Sunday,Evening,Zobo,Drinks,1,400.0,400.0,Cash,Chukwu,5.0,False
1082,2024-01-21,Sunday,Evening,Pepper Soup,Starters,5,1200.0,6000.0,Cash,Chukwu,14.0,False
1083,2024-01-21,Sunday,Afternoon,Jollof Rice,Mains,2,1800.0,3600.0,Card,Chukwu,7.0,False
1084,2024-01-21,Sunday,Evening,Chapman,Drinks,3,600.0,1620.0,Card,Amaka,5.0,True
1085,2024-01-22,Monday,Evening,Pounded Yam,Mains,2,2200.0,4400.0,Card,Chukwu,9.0,False
1086,2024-01-22,Monday,Morning,Beef Suya,Starters,1,1100.0,1100.0,Cash,Amaka,11.0,False
1087,2024-01-22,Monday,Afternoon,Beef Suya,Starters,2,1100.0,2200.0,Card,Amaka,12.0,False
1088,2024-01-22,Monday,Evening,Pounded Yam,Mains,1,2200.0,2200.0,Cash,Emeka,13.0,False
1089,2024-01-22,Monday,Evening,Fresh Juice,Drinks,2,700.0,1400.0,Card,Emeka,2.0,False
1090,2024-01-22,Monday,Evening,Fresh Juice,Drinks,4,700.0,2800.0,Cash,Emeka,3.0,False
1091,2024-01-22,Monday,Evening,Fried Plantain,Starters,3,800.0,2400.0,Cash,Amaka,5.0,False
1092,2024-01-22,Monday,Afternoon,Fresh Juice,Drinks,3,700.0,2100.0,Card,Chukwu,3.0,False
1093,2024-01-23,Tuesday,Evening,Spring Rolls,Starters,1,900.0,900.0,Cash,Emeka,12.0,False
1094,2024-01-23,Tuesday,Evening,Jollof Rice,Mains,1,1800.0,1800.0,Cash,Blessing,,False
1095,2024-01-23,Tuesday,Evening,Egusi Soup,Mains,3,1500.0,4500.0,Card,Chukwu,8.0,False
1096,2024-01-23,Tuesday,Evening,Chin Chin,Desserts,2,500.0,1000.0,Cash,Chukwu,,False
1097,2024-01-23,Tuesday,Afternoon,Zobo,Drinks,5,400.0,2000.0,Card,Blessing,,False
1098,2024-01-23,Tuesday,Morning,Chin Chin,Desserts,1,500.0,450.0,Cash,Amaka,14.0,True
1099,2024-01-23,Tuesday,Evening,Egusi Soup,Mains,1,1500.0,1500.0,Cash,Blessing,12.0,False
1100,2024-01-23,Tuesday,Afternoon,Pounded Yam,Mains,4,2200.0,8800.0,Cash,Blessing,,False
1101,2024-01-24,Wednesday,Evening,Jollof Rice,Mains,2,1800.0,3600.0,Card,Amaka,10.0,False
1102,2024-01-24,Wednesday,Evening,Pounded Yam,Mains,1,2200.0,2200.0,Cash,Blessing,,False
1103,2024-01-24,Wednesday,Morning,Egusi Soup,Mains,1,1500.0,1500.0,Cash,Amaka,5.0,False
1104,2024-01-24,Wednesday,Afternoon,Fresh Juice,Drinks,1,700.0,700.0,Cash,Blessing,5.0,False
1105,2024-01-24,Wednesday,Afternoon,Jollof Rice,Mains,1,1800.0,1620.0,Cash,Emeka,5.0,True
1106,2024-01-25,Thursday,Morning,Jollof Rice,Mains,4,1800.0,7200.0,Cash,Amaka,12.0,False
1107,2024-01-25,Thursday,Morning,Spring Rolls,Starters,3,900.0,2700.0,Cash,Emeka,8.0,False
1108,2024-01-25,Thursday,Evening,Pounded Yam,Mains,1,2200.0,2200.0,Cash,Emeka,6.0,False
1109,2024-01-25,Thursday,Afternoon,Puff Puff,Desserts,1,450.0,450.0,Cash,Chukwu,6.0,False
1110,2024-01-26,Friday,Evening,Chapman,Drinks,5,600.0,3000.0,Transfer,Chukwu,11.0,False
1111,2024-01-26,Friday,Evening,Pounded Yam,Mains,2,2200.0,4400.0,Transfer,Blessing,8.0,False
1112,2024-01-26,Friday,Afternoon,Chin Chin,Desserts,2,500.0,1000.0,Cash,Amaka,11.0,False
1113,2024-01-26,Friday,Evening,Chin Chin,Desserts,1,500.0,500.0,Cash,Blessing,5.0,False
1114,2024-01-26,Friday,Afternoon,Pounded Yam,Mains,2,2200.0,4400.0,Cash,Amaka,,False
1115,2024-01-26,Friday,Evening,Spring Rolls,Starters,1,900.0,900.0,Cash,Amaka,,False
1116,2024-01-26,Friday,Afternoon,Egusi Soup,Mains,3,1500.0,4500.0,Card,Blessing,1.0,False
1117,2024-01-26,Friday,Morning,Egusi Soup,Mains,4,1500.0,6000.0,Cash,Emeka,11.0,False
1118,2024-01-27,Saturday,Evening,Spring Rolls,Starters,2,900.0,1800.0,Card,Blessing,13.0,False
1119,2024-01-27,Saturday,Morning,Egusi Soup,Mains,4,1500.0,5400.0,Transfer,Amaka,15.0,True
1120,2024-01-27,Saturday,Afternoon,Pounded Yam,Mains,3,2200.0,6600.0,Cash,Emeka,,False
1121,2024-01-27,Saturday,Afternoon,Chin Chin,Desserts,2,500.0,1000.0,Card,Emeka,6.0,False
1122,2024-01-27,Saturday,Evening,Zobo,Drinks,2,400.0,800.0,Cash,Emeka,,False
1123,2024-01-28,Sunday,Evening,Chapman,Drinks,4,600.0,2400.0,Cash,Blessing,,False
1124,2024-01-28,Sunday,Afternoon,Jollof Rice,Mains,2,1800.0,3600.0,Card,Blessing,14.0,False
1125,2024-01-28,Sunday,Morning,Beef Suya,Starters,3,1100.0,3300.0,Card,Blessing,,False
1126,2024-01-28,Sunday,Morning,Egusi Soup,Mains,1,1500.0,1350.0,Cash,Chukwu,1.0,True
1127,2024-01-28,Sunday,Evening,Chin Chin,Desserts,1,500.0,500.0,Card,Emeka,15.0,False
1128,2024-01-29,Monday,Evening,Chapman,Drinks,1,600.0,600.0,Transfer,Emeka,5.0,False
1129,2024-01-29,Monday,Afternoon,Spring Rolls,Starters,2,900.0,1800.0,Cash,Blessing,10.0,False
1130,2024-01-29,Monday,Morning,Pounded Yam,Mains,1,2200.0,2200.0,Card,Emeka,12.0,False
1131,2024-01-29,Monday,Morning,Fresh Juice,Drinks,1,700.0,700.0,Cash,Emeka,14.0,False
1132,2024-01-29,Monday,Morning,Zobo,Drinks,2,400.0,800.0,Cash,Emeka,4.0,False
1133,2024-01-30,Tuesday,Afternoon,Chin Chin,Desserts,1,500.0,500.0,Card,Emeka,6.0,False
1134,2024-01-30,Tuesday,Afternoon,Beef Suya,Starters,1,1100.0,1100.0,Cash,Emeka,13.0,False
1135,2024-01-30,Tuesday,Afternoon,Spring Rolls,Starters,1,900.0,900.0,Card,Blessing,11.0,False
1136,2024-01-30,Tuesday,Evening,Jollof Rice,Mains,5,1800.0,9000.0,Card,Blessing,,False
1137,2024-01-30,Tuesday,Morning,Chin Chin,Desserts,2,500.0,1000.0,Card,Emeka,10.0,False
1138,2024-01-30,Tuesday,Afternoon,Pounded Yam,Mains,1,2200.0,2200.0,Cash,Amaka,,False
1139,2024-01-31,Wednesday,Morning,Puff Puff,Desserts,1,450.0,450.0,Card,Chukwu,15.0,False
1140,2024-01-31,Wednesday,Evening,Zobo,Drinks,2,400.0,800.0,Cash,Blessing,,False
1141,2024-01-31,Wednesday,Afternoon,Zobo,Drinks,2,400.0,800.0,Transfer,Emeka,14.0,False
1142,2024-01-31,Wednesday,Evening,Fried Plantain,Starters,2,800.0,1600.0,Card,Chukwu,10.0,False
1143,2024-01-31,Wednesday,Afternoon,Chin Chin,Desserts,1,500.0,500.0,Card,Emeka,13.0,False
1144,2024-01-31,Wednesday,Evening,Egusi Soup,Mains,1,1500.0,1500.0,Cash,Emeka,5.0,False
1145,2024-01-31,Wednesday,Morning,Egusi Soup,Mains,1,1500.0,1500.0,Card,Amaka,9.0,False
1146,2024-01-31,Wednesday,Evening,Beef Suya,Starters,1,1100.0,1100.0,Cash,Blessing,7.0,False
1147,2024-01-31,Wednesday,Evening,Spring Rolls,Starters,3,900.0,2700.0,Cash,Emeka,14.0,False
1148,2024-01-31,Wednesday,Afternoon,Fresh Juice,Drinks,2,700.0,1400.0,Card,Chukwu,4.0,False
1149,2024-01-31,Wednesday,Evening,Pounded Yam,Mains,3,2200.0,6600.0,Transfer,Chukwu,12.0,False
1150,2024-02-01,Thursday,Evening,Pounded Yam,Mains,2,2200.0,4400.0,Cash,Emeka,14.0,False
1151,2024-02-01,Thursday,Afternoon,Beef Suya,Starters,1,1100.0,990.0,Cash,Chukwu,14.0,True
1152,2024-02-01,Thursday,Evening,Fresh Juice,Drinks,2,700.0,1400.0,Cash,Amaka,9.0,False
1153,2024-02-01,Thursday,Afternoon,Egusi Soup,Mains,2,1500.0,3000.0,Card,Emeka,7.0,False
1154,2024-02-02,Friday,Afternoon,Fried Plantain,Starters,4,800.0,3200.0,Cash,Amaka,14.0,False
1155,2024-02-02,Friday,Evening,Spring Rolls,Starters,1,900.0,810.0,Card,Emeka,12.0,True
1156,2024-02-02,Friday,Afternoon,Spring Rolls,Starters,1,900.0,900.0,Card,Emeka,12.0,False
1157,2024-02-02,Friday,Morning,Chapman,Drinks,1,600.0,600.0,Cash,Chukwu,,False
1158,2024-02-03,Saturday,Morning,Puff Puff,Desserts,1,450.0,405.0,Card,Amaka,,True
1159,2024-02-03,Saturday,Morning,Egusi Soup,Mains,1,1500.0,1500.0,Transfer,Emeka,14.0,False
1160,2024-02-03,Saturday,Afternoon,Pounded Yam,Mains,5,2200.0,11000.0,Cash,Blessing,12.0,False
1161,2024-02-03,Saturday,Afternoon,Zobo,Drinks,1,400.0,400.0,Card,Chukwu,8.0,False
1162,2024-02-03,Saturday,Morning,Jollof Rice,Mains,3,1800.0,5400.0,Cash,Blessing,,False
1163,2024-02-03,Saturday,Afternoon,Zobo,Drinks,5,400.0,2000.0,Cash,Chukwu,8.0,False
1164,2024-02-04,Sunday,Evening,Jollof Rice,Mains,1,1800.0,1800.0,Card,Amaka,15.0,False
1165,2024-02-04,Sunday,Afternoon,Spring Rolls,Starters,2,900.0,1800.0,Cash,Chukwu,6.0,False
1166,2024-02-04,Sunday,Evening,Jollof Rice,Mains,2,1800.0,3600.0,Card,Amaka,11.0,False
1167,2024-02-04,Sunday,Evening,Chapman,Drinks,1,600.0,600.0,Transfer,Chukwu,7.0,False
1168,2024-02-04,Sunday,Afternoon,Fried Plantain,Starters,1,800.0,800.0,Card,Amaka,12.0,False
1169,2024-02-05,Monday,Afternoon,Spring Rolls,Starters,1,900.0,810.0,Card,Emeka,12.0,True
1170,2024-02-05,Monday,Evening,Fried Plantain,Starters,2,800.0,1600.0,Card,Chukwu,5.0,False
1171,2024-02-05,Monday,Morning,Pounded Yam,Mains,2,2200.0,4400.0,Cash,Emeka,,False
1172,2024-02-05,Monday,Afternoon,Beef Suya,Starters,2,1100.0,2200.0,Card,Chukwu,11.0,False
1173,2024-02-06,Tuesday,Morning,Spring Rolls,Starters,1,900.0,900.0,Card,Emeka,4.0,False
1174,2024-02-06,Tuesday,Afternoon,Pepper Soup,Starters,4,1200.0,4800.0,Cash,Amaka,5.0,False
1175,2024-02-06,Tuesday,Afternoon,Fried Plantain,Starters,4,800.0,3200.0,Card,Chukwu,2.0,False
1176,2024-02-06,Tuesday,Afternoon,Pepper Soup,Starters,3,1200.0,3600.0,Cash,Emeka,,False
1177,2024-02-06,Tuesday,Evening,Zobo,Drinks,1,400.0,360.0,Cash,Emeka,4.0,True
1178,2024-02-06,Tuesday,Morning,Chapman,Drinks,2,600.0,1200.0,Card,Blessing,,False
1179,2024-02-07,Wednesday,Morning,Spring Rolls,Starters,4,900.0,3600.0,Cash,Chukwu,,False
1180,2024-02-08,Thursday,Afternoon,Puff Puff,Desserts,4,450.0,1800.0,Cash,Amaka,8.0,False
1181,2024-02-08,Thursday,Evening,Beef Suya,Starters,2,1100.0,2200.0,Card,Chukwu,2.0,False
1182,2024-02-08,Thursday,Evening,Jollof Rice,Mains,3,1800.0,5400.0,Cash,Amaka,,False
1183,2024-02-08,Thursday,Afternoon,Egusi Soup,Mains,2,1500.0,3000.0,Cash,Chukwu,9.0,False
1184,2024-02-08,Thursday,Afternoon,Pounded Yam,Mains,1,2200.0,2200.0,Card,Chukwu,7.0,False
1185,2024-02-08,Thursday,Morning,Fried Plantain,Starters,5,800.0,4000.0,Cash,Chukwu,7.0,False
1186,2024-02-08,Thursday,Evening,Pepper Soup,Starters,1,1200.0,1200.0,Cash,Emeka,6.0,False
1187,2024-02-08,Thursday,Evening,Pepper Soup,Starters,2,1200.0,2400.0,Card,Emeka,5.0,False
1188,2024-02-08,Thursday,Afternoon,Fresh Juice,Drinks,2,700.0,1260.0,Cash,Blessing,,True
1189,2024-02-09,Friday,Afternoon,Beef Suya,Starters,2,1100.0,2200.0,Card,Chukwu,6.0,False
1190,2024-02-09,Friday,Evening,Pepper Soup,Starters,5,1200.0,6000.0,Card,Blessing,14.0,False
1191,2024-02-09,Friday,Afternoon,Zobo,Drinks,3,400.0,1200.0,Card,Emeka,14.0,False
1192,2024-02-09,Friday,Morning,Beef Suya,Starters,5,1100.0,5500.0,Card,Emeka,9.0,False
1193,2024-02-09,Friday,Morning,Pepper Soup,Starters,2,1200.0,2400.0,Card,Amaka,12.0,False
1194,2024-02-09,Friday,Morning,Pounded Yam,Mains,1,2200.0,2200.0,Cash,Amaka,5.0,False
1195,2024-02-09,Friday,Afternoon,Chin Chin,Desserts,2,500.0,1000.0,Cash,Blessing,2.0,False
1196,2024-02-09,Friday,Afternoon,Egusi Soup,Mains,3,1500.0,4500.0,Card,Emeka,15.0,False
1197,2024-02-09,Friday,Afternoon,Chapman,Drinks,3,600.0,1800.0,Transfer,Chukwu,3.0,False
1198,2024-02-09,Friday,Afternoon,Pepper Soup,Starters,3,1200.0,3600.0,Cash,Blessing,2.0,False
1199,2024-02-09,Friday,Evening,Pounded Yam,Mains,2,2200.0,4400.0,Cash,Chukwu,15.0,False
1200,2024-02-09,Friday,Afternoon,Chapman,Drinks,3,600.0,1800.0,Transfer,Chukwu,,False
1201,2024-02-09,Friday,Afternoon,Fresh Juice,Drinks,2,700.0,1400.0,Cash,Amaka,12.0,False
1202,2024-02-09,Friday,Morning,Pepper Soup,Starters,2,1200.0,2400.0,Card,Amaka,,False
1203,2024-02-10,Saturday,Morning,Zobo,Drinks,1,400.0,400.0,Card,Chukwu,14.0,False
1204,2024-02-10,Saturday,Afternoon,Fresh Juice,Drinks,1,700.0,700.0,Cash,Amaka,,False
1205,2024-02-10,Saturday,Evening,Egusi Soup,Mains,1,1500.0,1500.0,Card,Emeka,1.0,False
1206,2024-02-10,Saturday,Evening,Beef Suya,Starters,1,1100.0,1100.0,Card,Blessing,5.0,False
1207,2024-02-10,Saturday,Afternoon,Egusi Soup,Mains,1,1500.0,1350.0,Transfer,Amaka,5.0,True
1208,2024-02-11,Sunday,Afternoon,Pounded Yam,Mains,1,2200.0,2200.0,Card,Amaka,10.0,False
1209,2024-02-11,Sunday,Morning,Spring Rolls,Starters,1,900.0,810.0,Cash,Amaka,,True
1210,2024-02-11,Sunday,Afternoon,Pepper Soup,Starters,1,1200.0,1200.0,Card,Amaka,7.0,False
1211,2024-02-11,Sunday,Morning,Pepper Soup,Starters,4,1200.0,4800.0,Card,Blessing,4.0,False
1212,2024-02-11,Sunday,Evening,Puff Puff,Desserts,3,450.0,1350.0,Transfer,Amaka,9.0,False
1213,2024-02-11,Sunday,Afternoon,Beef Suya,Starters,1,1100.0,1100.0,Transfer,Emeka,5.0,False
1214,2024-02-11,Sunday,Evening,Zobo,Drinks,2,400.0,800.0,Card,Blessing,7.0,False
1215,2024-02-11,Sunday,Evening,Egusi Soup,Mains,1,1500.0,1350.0,Cash,Emeka,,True
1216,2024-02-12,Monday,Evening,Fried Plantain,Starters,2,800.0,1600.0,Cash,Amaka,5.0,False
1217,2024-02-12,Monday,Evening,Pepper Soup,Starters,1,1200.0,1080.0,Card,Emeka,10.0,True
1218,2024-02-12,Monday,Afternoon,Chapman,Drinks,3,600.0,1800.0,Cash,Emeka,1.0,False
1219,2024-02-12,Monday,Afternoon,Fresh Juice,Drinks,2,700.0,1400.0,Cash,Amaka,4.0,False
1220,2024-02-12,Monday,Afternoon,Chin Chin,Desserts,5,500.0,2500.0,Transfer,Chukwu,12.0,False
1221,2024-02-13,Tuesday,Afternoon,Pounded Yam,Mains,2,2200.0,4400.0,Card,Emeka,2.0,False
1222,2024-02-13,Tuesday,Morning,Jollof Rice,Mains,4,1800.0,7200.0,Cash,Blessing,10.0,False
1223,2024-02-13,Tuesday,Evening,Chapman,Drinks,1,600.0,600.0,Card,Blessing,8.0,False
1224,2024-02-13,Tuesday,Evening,Puff Puff,Desserts,3,450.0,1350.0,Transfer,Amaka,5.0,False
1225,2024-02-14,Wednesday,Evening,Spring Rolls,Starters,5,900.0,4500.0,Card,Blessing,11.0,False
1226,2024-02-14,Wednesday,Evening,Chapman,Drinks,5,600.0,3000.0,Cash,Chukwu,,False
1227,2024-02-14,Wednesday,Morning,Pepper Soup,Starters,3,1200.0,3600.0,Card,Emeka,6.0,False
1228,2024-02-14,Wednesday,Afternoon,Jollof Rice,Mains,2,1800.0,3600.0,Card,Amaka,,False
1229,2024-02-15,Thursday,Morning,Chin Chin,Desserts,3,500.0,1500.0,Card,Emeka,12.0,False
1230,2024-02-15,Thursday,Morning,Jollof Rice,Mains,1,1800.0,1800.0,Transfer,Chukwu,10.0,False
1231,2024-02-15,Thursday,Evening,Zobo,Drinks,2,400.0,800.0,Cash,Amaka,6.0,False
1232,2024-02-15,Thursday,Evening,Puff Puff,Desserts,1,450.0,450.0,Cash,Chukwu,4.0,False
1233,2024-02-15,Thursday,Afternoon,Egusi Soup,Mains,3,1500.0,4500.0,Card,Chukwu,13.0,False
1234,2024-02-16,Friday,Afternoon,Puff Puff,Desserts,4,450.0,1800.0,Cash,Amaka,,False
1235,2024-02-16,Friday,Afternoon,Puff Puff,Desserts,2,450.0,900.0,Card,Emeka,7.0,False
1236,2024-02-16,Friday,Afternoon,Egusi Soup,Mains,1,1500.0,1500.0,Card,Emeka,,False
1237,2024-02-16,Friday,Morning,Pounded Yam,Mains,2,2200.0,3960.0,Cash,Blessing,,True
1238,2024-02-17,Saturday,Evening,Beef Suya,Starters,3,1100.0,3300.0,Card,Emeka,13.0,False
1239,2024-02-17,Saturday,Morning,Zobo,Drinks,3,400.0,1200.0,Cash,Amaka,11.0,False
1240,2024-02-17,Saturday,Evening,Chin Chin,Desserts,4,500.0,1800.0,Cash,Emeka,15.0,True
1241,2024-02-18,Sunday,Evening,Chapman,Drinks,5,600.0,3000.0,Card,Chukwu,9.0,False
1242,2024-02-18,Sunday,Morning,Puff Puff,Desserts,1,450.0,450.0,Cash,Chukwu,6.0,False
1243,2024-02-18,Sunday,Afternoon,Egusi Soup,Mains,4,1500.0,6000.0,Cash,Blessing,5.0,False
1244,2024-02-18,Sunday,Afternoon,Spring Rolls,Starters,2,900.0,1800.0,Cash,Emeka,,False
1245,2024-02-18,Sunday,Evening,Egusi Soup,Mains,2,1500.0,3000.0,Card,Chukwu,12.0,False
1246,2024-02-18,Sunday,Evening,Pepper Soup,Starters,2,1200.0,2160.0,Cash,Emeka,,True
1247,2024-02-19,Monday,Evening,Zobo,Drinks,1,400.0,400.0,Cash,Emeka,15.0,False
1248,2024-02-19,Monday,Afternoon,Chapman,Drinks,1,600.0,600.0,Cash,Emeka,11.0,False
1249,2024-02-19,Monday,Evening,Pepper Soup,Starters,1,1200.0,1200.0,Cash,Blessing,,False
1250,2024-02-19,Monday,Evening,Pepper Soup,Starters,1,1200.0,1200.0,Cash,Chukwu,14.0,False
1251,2024-02-20,Tuesday,Morning,Puff Puff,Desserts,5,450.0,2250.0,Card,Amaka,3.0,False
1252,2024-02-20,Tuesday,Afternoon,Spring Rolls,Starters,2,900.0,1800.0,Cash,Chukwu,15.0,False
1253,2024-02-20,Tuesday,Afternoon,Zobo,Drinks,2,400.0,800.0,Transfer,Amaka,10.0,False
1254,2024-02-20,Tuesday,Afternoon,Zobo,Drinks,3,400.0,1200.0,Cash,Chukwu,10.0,False
1255,2024-02-20,Tuesday,Morning,Pounded Yam,Mains,2,2200.0,4400.0,Cash,Emeka,13.0,False
1256,2024-02-20,Tuesday,Afternoon,Beef Suya,Starters,1,1100.0,1100.0,Transfer,Chukwu,3.0,False
1257,2024-02-20,Tuesday,Afternoon,Zobo,Drinks,4,400.0,1600.0,Card,Emeka,8.0,False
1258,2024-02-20,Tuesday,Afternoon,Chapman,Drinks,1,600.0,600.0,Transfer,Emeka,10.0,False
1259,2024-02-21,Wednesday,Afternoon,Pounded Yam,Mains,1,2200.0,1980.0,Transfer,Amaka,3.0,True
1260,2024-02-21,Wednesday,Afternoon,Pepper Soup,Starters,2,1200.0,2400.0,Cash,Amaka,8.0,False
1261,2024-02-21,Wednesday,Evening,Fresh Juice,Drinks,1,700.0,700.0,Card,Amaka,9.0,False
1262,2024-02-22,Thursday,Afternoon,Fresh Juice,Drinks,2,700.0,1400.0,Card,Chukwu,3.0,False
1263,2024-02-22,Thursday,Evening,Fried Plantain,Starters,1,800.0,800.0,Cash,Amaka,,False
1264,2024-02-22,Thursday,Afternoon,Beef Suya,Starters,3,1100.0,3300.0,Card,Chukwu,,False
1265,2024-02-22,Thursday,Afternoon,Beef Suya,Starters,3,1100.0,3300.0,Transfer,Amaka,5.0,False
1266,2024-02-23,Friday,Evening,Pounded Yam,Mains,1,2200.0,2200.0,Cash,Blessing,,False
1267,2024-02-23,Friday,Evening,Egusi Soup,Mains,2,1500.0,3000.0,Transfer,Chukwu,3.0,False
1268,2024-02-23,Friday,Afternoon,Chin Chin,Desserts,3,500.0,1500.0,Card,Emeka,2.0,False
1269,2024-02-23,Friday,Afternoon,Beef Suya,Starters,1,1100.0,1100.0,Transfer,Emeka,10.0,False
1270,2024-02-23,Friday,Morning,Beef Suya,Starters,3,1100.0,3300.0,Cash,Emeka,3.0,False
1271,2024-02-23,Friday,Afternoon,Puff Puff,Desserts,2,450.0,900.0,Card,Amaka,11.0,False
1272,2024-02-24,Saturday,Morning,Fried Plantain,Starters,2,800.0,1440.0,Card,Chukwu,8.0,True
1273,2024-02-24,Saturday,Evening,Zobo,Drinks,1,400.0,400.0,Transfer,Blessing,15.0,False
1274,2024-02-24,Saturday,Afternoon,Puff Puff,Desserts,2,450.0,900.0,Cash,Blessing,5.0,False
1275,2024-02-24,Saturday,Evening,Pepper Soup,Starters,4,1200.0,4800.0,Card,Amaka,3.0,False
1276,2024-02-24,Saturday,Morning,Fried Plantain,Starters,1,800.0,800.0,Cash,Chukwu,4.0,False
1277,2024-02-24,Saturday,Evening,Egusi Soup,Mains,2,1500.0,3000.0,Card,Amaka,,False
1278,2024-02-24,Saturday,Morning,Puff Puff,Desserts,5,450.0,2250.0,Card,Chukwu,10.0,False
1279,2024-02-24,Saturday,Evening,Beef Suya,Starters,1,1100.0,1100.0,Card,Blessing,9.0,False
1280,2024-02-24,Saturday,Evening,Pepper Soup,Starters,1,1200.0,1080.0,Card,Emeka,9.0,True
1281,2024-02-24,Saturday,Evening,Fresh Juice,Drinks,1,700.0,700.0,Cash,Amaka,14.0,False
1282,2024-02-25,Sunday,Evening,Fried Plantain,Starters,4,800.0,3200.0,Card,Chukwu,8.0,False
1283,2024-02-25,Sunday,Evening,Zobo,Drinks,2,400.0,800.0,Cash,Emeka,14.0,False
1284,2024-02-25,Sunday,Evening,Spring Rolls,Starters,1,900.0,900.0,Card,Amaka,9.0,False
1285,2024-02-26,Monday,Morning,Pepper Soup,Starters,4,1200.0,4320.0,Transfer,Emeka,15.0,True
1286,2024-02-26,Monday,Evening,Chapman,Drinks,2,600.0,1200.0,Card,Chukwu,,False
1287,2024-02-26,Monday,Afternoon,Spring Rolls,Starters,2,900.0,1620.0,Card,Emeka,12.0,True
1288,2024-02-26,Monday,Evening,Chapman,Drinks,3,600.0,1800.0,Cash,Emeka,7.0,False
1289,2024-02-27,Tuesday,Morning,Fresh Juice,Drinks,2,700.0,1400.0,Cash,Amaka,,False
1290,2024-02-27,Tuesday,Afternoon,Fried Plantain,Starters,1,800.0,800.0,Transfer,Amaka,3.0,False
1291,2024-02-27,Tuesday,Afternoon,Egusi Soup,Mains,2,1500.0,2700.0,Card,Amaka,,True
1292,2024-02-27,Tuesday,Morning,Fresh Juice,Drinks,1,700.0,700.0,Cash,Amaka,14.0,False
1293,2024-02-27,Tuesday,Afternoon,Chapman,Drinks,4,600.0,2400.0,Cash,Amaka,5.0,False
1294,2024-02-27,Tuesday,Morning,Zobo,Drinks,2,400.0,800.0,Card,Chukwu,13.0,False
1295,2024-02-27,Tuesday,Evening,Jollof Rice,Mains,1,1800.0,1800.0,Transfer,Amaka,12.0,False
1296,2024-02-27,Tuesday,Evening,Jollof Rice,Mains,3,1800.0,4860.0,Transfer,Emeka,14.0,True
1297,2024-02-28,Wednesday,Evening,Zobo,Drinks,1,400.0,400.0,Cash,Emeka,15.0,False
1298,2024-02-28,Wednesday,Afternoon,Spring Rolls,Starters,1,900.0,900.0,Card,Amaka,3.0,False
1299,2024-02-28,Wednesday,Evening,Zobo,Drinks,2,400.0,800.0,Card,Blessing,10.0,False
1300,2024-02-28,Wednesday,Evening,Egusi Soup,Mains,4,1500.0,6000.0,Transfer,Emeka,5.0,False
1301,2024-02-28,Wednesday,Evening,Chapman,Drinks,3,600.0,1800.0,Transfer,Amaka,3.0,False
1302,2024-02-28,Wednesday,Morning,Zobo,Drinks,2,400.0,800.0,Cash,Amaka,9.0,False
1303,2024-02-28,Wednesday,Afternoon,Chin Chin,Desserts,1,500.0,500.0,Transfer,Emeka,7.0,False
1304,2024-02-28,Wednesday,Afternoon,Chapman,Drinks,3,600.0,1800.0,Card,Blessing,12.0,False
1305,2024-02-29,Thursday,Afternoon,Zobo,Drinks,1,400.0,400.0,Cash,Amaka,,False
1306,2024-02-29,Thursday,Morning,Fresh Juice,Drinks,1,700.0,700.0,Cash,Emeka,,False
1307,2024-02-29,Thursday,Afternoon,Pepper Soup,Starters,1,1200.0,1200.0,Cash,Blessing,15.0,False
1308,2024-02-29,Thursday,Evening,Fried Plantain,Starters,1,800.0,800.0,Card,Chukwu,8.0,False
1309,2024-02-29,Thursday,Morning,Jollof Rice,Mains,1,1800.0,1800.0,Transfer,Chukwu,,False
1310,2024-02-29,Thursday,Morning,Fried Plantain,Starters,1,800.0,800.0,Cash,Blessing,10.0,False
1311,2024-03-01,Friday,Afternoon,Chapman,Drinks,3,600.0,1800.0,Cash,Amaka,5.0,False
1312,2024-03-01,Friday,Afternoon,Spring Rolls,Starters,2,900.0,1800.0,Transfer,Amaka,13.0,False
1313,2024-03-01,Friday,Evening,Pepper Soup,Starters,1,1200.0,1200.0,Card,Amaka,,False
1314,2024-03-01,Friday,Morning,Pounded Yam,Mains,1,2200.0,2200.0,Transfer,Blessing,13.0,False
1315,2024-03-01,Friday,Evening,Jollof Rice,Mains,2,1800.0,3600.0,Cash,Blessing,3.0,False
1316,2024-03-01,Friday,Morning,Fresh Juice,Drinks,5,700.0,3500.0,Transfer,Emeka,1.0,False
1317,2024-03-01,Friday,Afternoon,Pounded Yam,Mains,2,2200.0,3960.0,Card,Amaka,8.0,True
1318,2024-03-01,Friday,Evening,Jollof Rice,Mains,3,1800.0,5400.0,Cash,Blessing,11.0,False
1319,2024-03-02,Saturday,Evening,Beef Suya,Starters,1,1100.0,1100.0,Card,Amaka,4.0,False
1320,2024-03-02,Saturday,Morning,Puff Puff,Desserts,4,450.0,1800.0,Card,Emeka,,False
1321,2024-03-02,Saturday,Afternoon,Chapman,Drinks,2,600.0,1200.0,Cash,Amaka,7.0,False
1322,2024-03-02,Saturday,Afternoon,Fried Plantain,Starters,4,800.0,3200.0,Card,Amaka,2.0,False
1323,2024-03-03,Sunday,Afternoon,Pepper Soup,Starters,3,1200.0,3600.0,Transfer,Emeka,1.0,False
1324,2024-03-03,Sunday,Morning,Jollof Rice,Mains,4,1800.0,7200.0,Transfer,Blessing,,False
1325,2024-03-04,Monday,Afternoon,Zobo,Drinks,1,400.0,400.0,Card,Blessing,10.0,False
1326,2024-03-04,Monday,Evening,Spring Rolls,Starters,1,900.0,810.0,Cash,Emeka,14.0,True
1327,2024-03-04,Monday,Evening,Egusi Soup,Mains,1,1500.0,1500.0,Cash,Chukwu,,False
1328,2024-03-04,Monday,Morning,Chin Chin,Desserts,2,500.0,1000.0,Cash,Emeka,9.0,False
1329,2024-03-05,Tuesday,Morning,Pepper Soup,Starters,3,1200.0,3600.0,Cash,Chukwu,,False
1330,2024-03-05,Tuesday,Afternoon,Chapman,Drinks,1,600.0,540.0,Card,Amaka,2.0,True
1331,2024-03-05,Tuesday,Afternoon,Egusi Soup,Mains,2,1500.0,3000.0,Cash,Blessing,12.0,False
1332,2024-03-05,Tuesday,Evening,Beef Suya,Starters,1,1100.0,1100.0,Card,Blessing,7.0,False
1333,2024-03-05,Tuesday,Afternoon,Zobo,Drinks,4,400.0,1600.0,Transfer,Amaka,7.0,False
1334,2024-03-05,Tuesday,Morning,Chin Chin,Desserts,1,500.0,500.0,Cash,Blessing,6.0,False
1335,2024-03-05,Tuesday,Afternoon,Zobo,Drinks,2,400.0,800.0,Card,Emeka,4.0,False
1336,2024-03-05,Tuesday,Evening,Pounded Yam,Mains,3,2200.0,6600.0,Transfer,Chukwu,4.0,False
1337,2024-03-05,Tuesday,Afternoon,Zobo,Drinks,3,400.0,1200.0,Cash,Chukwu,,False
1338,2024-03-05,Tuesday,Afternoon,Fried Plantain,Starters,1,800.0,800.0,Cash,Amaka,10.0,False
1339,2024-03-06,Wednesday,Morning,Chapman,Drinks,3,600.0,1800.0,Transfer,Amaka,12.0,False
1340,2024-03-06,Wednesday,Afternoon,Beef Suya,Starters,1,1100.0,1100.0,Cash,Blessing,4.0,False
1341,2024-03-06,Wednesday,Evening,Egusi Soup,Mains,2,1500.0,3000.0,Cash,Emeka,1.0,False
1342,2024-03-06,Wednesday,Evening,Puff Puff,Desserts,2,450.0,900.0,Transfer,Blessing,,False
1343,2024-03-06,Wednesday,Morning,Spring Rolls,Starters,4,900.0,3600.0,Cash,Blessing,15.0,False
1344,2024-03-06,Wednesday,Evening,Chin Chin,Desserts,1,500.0,500.0,Card,Chukwu,,False
1345,2024-03-06,Wednesday,Afternoon,Zobo,Drinks,2,400.0,800.0,Card,Chukwu,3.0,False
1346,2024-03-07,Thursday,Morning,Beef Suya,Starters,4,1100.0,4400.0,Card,Emeka,9.0,False
1347,2024-03-07,Thursday,Evening,Fried Plantain,Starters,3,800.0,2400.0,Card,Blessing,2.0,False
1348,2024-03-07,Thursday,Evening,Fresh Juice,Drinks,2,700.0,1400.0,Cash,Emeka,,False
1349,2024-03-07,Thursday,Evening,Chapman,Drinks,1,600.0,540.0,Cash,Blessing,1.0,True
1350,2024-03-07,Thursday,Morning,Puff Puff,Desserts,2,450.0,900.0,Card,Amaka,8.0,False
1351,2024-03-07,Thursday,Afternoon,Jollof Rice,Mains,1,1800.0,1800.0,Card,Blessing,12.0,False
1352,2024-03-07,Thursday,Evening,Fresh Juice,Drinks,3,700.0,2100.0,Cash,Chukwu,4.0,False
1353,2024-03-07,Thursday,Evening,Jollof Rice,Mains,2,1800.0,3600.0,Cash,Amaka,,False
1354,2024-03-07,Thursday,Afternoon,Chin Chin,Desserts,1,500.0,500.0,Cash,Amaka,7.0,False
1355,2024-03-07,Thursday,Afternoon,Pepper Soup,Starters,2,1200.0,2400.0,Card,Amaka,7.0,False
1356,2024-03-08,Friday,Evening,Egusi Soup,Mains,1,1500.0,1500.0,Card,Amaka,13.0,False
1357,2024-03-08,Friday,Evening,Pepper Soup,Starters,4,1200.0,4320.0,Transfer,Chukwu,15.0,True
1358,2024-03-08,Friday,Evening,Beef Suya,Starters,1,1100.0,1100.0,Transfer,Amaka,4.0,False
1359,2024-03-08,Friday,Morning,Beef Suya,Starters,3,1100.0,3300.0,Card,Blessing,,False
1360,2024-03-08,Friday,Afternoon,Puff Puff,Desserts,1,450.0,450.0,Transfer,Emeka,15.0,False
1361,2024-03-09,Saturday,Afternoon,Fried Plantain,Starters,1,800.0,800.0,Transfer,Emeka,9.0,False
1362,2024-03-09,Saturday,Evening,Chin Chin,Desserts,2,500.0,900.0,Transfer,Emeka,11.0,True
1363,2024-03-09,Saturday,Afternoon,Jollof Rice,Mains,5,1800.0,8100.0,Cash,Amaka,14.0,True
1364,2024-03-09,Saturday,Evening,Chapman,Drinks,4,600.0,2400.0,Card,Chukwu,14.0,False
1365,2024-03-09,Saturday,Morning,Chapman,Drinks,2,600.0,1200.0,Cash,Amaka,,False
1366,2024-03-09,Saturday,Morning,Pounded Yam,Mains,4,2200.0,8800.0,Transfer,Emeka,12.0,False
1367,2024-03-09,Saturday,Afternoon,Fried Plantain,Starters,5,800.0,3600.0,Cash,Amaka,7.0,True
1368,2024-03-09,Saturday,Morning,Chapman,Drinks,1,600.0,600.0,Transfer,Amaka,2.0,False
1369,2024-03-09,Saturday,Evening,Fried Plantain,Starters,2,800.0,1600.0,Card,Amaka,14.0,False
1370,2024-03-09,Saturday,Evening,Jollof Rice,Mains,2,1800.0,3600.0,Transfer,Chukwu,6.0,False
1371,2024-03-09,Saturday,Afternoon,Spring Rolls,Starters,1,900.0,900.0,Transfer,Chukwu,5.0,False
1372,2024-03-09,Saturday,Afternoon,Beef Suya,Starters,1,1100.0,1100.0,Transfer,Chukwu,9.0,False
1373,2024-03-09,Saturday,Morning,Beef Suya,Starters,2,1100.0,2200.0,Cash,Emeka,2.0,False
1374,2024-03-09,Saturday,Afternoon,Chin Chin,Desserts,3,500.0,1350.0,Cash,Amaka,,True
1375,2024-03-09,Saturday,Afternoon,Zobo,Drinks,2,400.0,800.0,Card,Emeka,5.0,False
1376,2024-03-10,Sunday,Evening,Pepper Soup,Starters,3,1200.0,3600.0,Transfer,Emeka,,False
1377,2024-03-10,Sunday,Morning,Fried Plantain,Starters,3,800.0,2400.0,Transfer,Chukwu,13.0,False
1378,2024-03-10,Sunday,Afternoon,Pepper Soup,Starters,2,1200.0,2400.0,Card,Blessing,3.0,False
1379,2024-03-10,Sunday,Evening,Beef Suya,Starters,2,1100.0,2200.0,Transfer,Amaka,4.0,False
1380,2024-03-10,Sunday,Morning,Pepper Soup,Starters,2,1200.0,2160.0,Card,Amaka,7.0,True
1381,2024-03-10,Sunday,Afternoon,Chin Chin,Desserts,1,500.0,500.0,Transfer,Amaka,8.0,False
1382,2024-03-10,Sunday,Evening,Pepper Soup,Starters,2,1200.0,2400.0,Card,Blessing,1.0,False
1383,2024-03-10,Sunday,Evening,Fresh Juice,Drinks,1,700.0,700.0,Cash,Amaka,9.0,False
1384,2024-03-11,Monday,Morning,Beef Suya,Starters,2,1100.0,2200.0,Transfer,Blessing,5.0,False
1385,2024-03-11,Monday,Morning,Egusi Soup,Mains,4,1500.0,6000.0,Cash,Emeka,15.0,False
1386,2024-03-11,Monday,Afternoon,Chin Chin,Desserts,3,500.0,1500.0,Cash,Chukwu,11.0,False
1387,2024-03-11,Monday,Evening,Chin Chin,Desserts,1,500.0,500.0,Transfer,Blessing,6.0,False
1388,2024-03-11,Monday,Afternoon,Spring Rolls,Starters,1,900.0,900.0,Cash,Chukwu,11.0,False
1389,2024-03-12,Tuesday,Evening,Chin Chin,Desserts,1,500.0,500.0,Card,Amaka,4.0,False
1390,2024-03-12,Tuesday,Morning,Fried Plantain,Starters,3,800.0,2400.0,Card,Amaka,,False
1391,2024-03-12,Tuesday,Morning,Fresh Juice,Drinks,1,700.0,700.0,Cash,Chukwu,7.0,False
1392,2024-03-12,Tuesday,Evening,Chin Chin,Desserts,1,500.0,500.0,Cash,Amaka,4.0,False
1393,2024-03-13,Wednesday,Evening,Egusi Soup,Mains,1,1500.0,1500.0,Card,Amaka,1.0,False
1394,2024-03-13,Wednesday,Evening,Puff Puff,Desserts,1,450.0,450.0,Card,Chukwu,,False
1395,2024-03-13,Wednesday,Evening,Egusi Soup,Mains,1,1500.0,1500.0,Transfer,Amaka,,False
1396,2024-03-13,Wednesday,Afternoon,Egusi Soup,Mains,3,1500.0,4500.0,Card,Amaka,11.0,False
1397,2024-03-14,Thursday,Evening,Fresh Juice,Drinks,1,700.0,700.0,Card,Emeka,11.0,False
1398,2024-03-14,Thursday,Evening,Pepper Soup,Starters,2,1200.0,2160.0,Cash,Chukwu,5.0,True
1399,2024-03-14,Thursday,Evening,Fresh Juice,Drinks,4,700.0,2800.0,Transfer,Blessing,,False
1400,2024-03-14,Thursday,Morning,Beef Suya,Starters,1,1100.0,1100.0,Cash,Amaka,1.0,False
1401,2024-03-14,Thursday,Afternoon,Spring Rolls,Starters,3,900.0,2700.0,Cash,Blessing,2.0,False
1402,2024-03-14,Thursday,Morning,Egusi Soup,Mains,2,1500.0,3000.0,Cash,Blessing,13.0,False
1403,2024-03-15,Friday,Morning,Zobo,Drinks,2,400.0,800.0,Cash,Chukwu,4.0,False
1404,2024-03-15,Friday,Evening,Pounded Yam,Mains,4,2200.0,7920.0,Cash,Chukwu,1.0,True
1405,2024-03-15,Friday,Afternoon,Puff Puff,Desserts,1,450.0,450.0,Card,Chukwu,1.0,False
1406,2024-03-15,Friday,Evening,Beef Suya,Starters,1,1100.0,1100.0,Card,Blessing,12.0,False
1407,2024-03-16,Saturday,Evening,Chapman,Drinks,5,600.0,3000.0,Cash,Amaka,4.0,False
1408,2024-03-16,Saturday,Afternoon,Chapman,Drinks,2,600.0,1200.0,Cash,Chukwu,2.0,False
1409,2024-03-16,Saturday,Evening,Chapman,Drinks,1,600.0,600.0,Card,Emeka,11.0,False
1410,2024-03-16,Saturday,Morning,Beef Suya,Starters,1,1100.0,1100.0,Cash,Amaka,,False
1411,2024-03-16,Saturday,Morning,Chapman,Drinks,4,600.0,2160.0,Card,Emeka,9.0,True
1412,2024-03-16,Saturday,Afternoon,Jollof Rice,Mains,1,1800.0,1800.0,Cash,Emeka,10.0,False
1413,2024-03-16,Saturday,Morning,Puff Puff,Desserts,3,450.0,1350.0,Card,Chukwu,,False
1414,2024-03-16,Saturday,Morning,Egusi Soup,Mains,4,1500.0,6000.0,Transfer,Blessing,13.0,False
1415,2024-03-17,Sunday,Afternoon,Fried Plantain,Starters,1,800.0,800.0,Card,Amaka,2.0,False
1416,2024-03-17,Sunday,Evening,Fresh Juice,Drinks,2,700.0,1400.0,Cash,Emeka,,False
1417,2024-03-17,Sunday,Morning,Chin Chin,Desserts,1,500.0,500.0,Transfer,Blessing,3.0,False
1418,2024-03-17,Sunday,Morning,Jollof Rice,Mains,2,1800.0,3600.0,Transfer,Chukwu,15.0,False
1419,2024-03-17,Sunday,Evening,Fried Plantain,Starters,1,800.0,800.0,Cash,Chukwu,8.0,False
1420,2024-03-18,Monday,Afternoon,Fresh Juice,Drinks,1,700.0,700.0,Transfer,Chukwu,7.0,False
1421,2024-03-18,Monday,Evening,Beef Suya,Starters,4,1100.0,4400.0,Cash,Blessing,13.0,False
1422,2024-03-18,Monday,Afternoon,Fried Plantain,Starters,3,800.0,2400.0,Cash,Emeka,,False
1423,2024-03-18,Monday,Afternoon,Pounded Yam,Mains,3,2200.0,6600.0,Cash,Amaka,6.0,False
1424,2024-03-19,Tuesday,Evening,Fried Plantain,Starters,2,800.0,1600.0,Cash,Blessing,6.0,False
1425,2024-03-19,Tuesday,Morning,Jollof Rice,Mains,4,1800.0,7200.0,Card,Amaka,,False
1426,2024-03-19,Tuesday,Evening,Zobo,Drinks,3,400.0,1200.0,Cash,Emeka,4.0,False
1427,2024-03-19,Tuesday,Afternoon,Fried Plantain,Starters,2,800.0,1600.0,Cash,Blessing,,False
1428,2024-03-19,Tuesday,Evening,Zobo,Drinks,1,400.0,400.0,Card,Chukwu,10.0,False
1429,2024-03-20,Wednesday,Evening,Jollof Rice,Mains,1,1800.0,1800.0,Cash,Amaka,6.0,False
1430,2024-03-20,Wednesday,Evening,Spring Rolls,Starters,2,900.0,1800.0,Transfer,Blessing,15.0,False
1431,2024-03-20,Wednesday,Evening,Spring Rolls,Starters,2,900.0,1800.0,Cash,Emeka,,False
1432,2024-03-21,Thursday,Afternoon,Fresh Juice,Drinks,4,700.0,2520.0,Card,Chukwu,,True
1433,2024-03-21,Thursday,Evening,Jollof Rice,Mains,2,1800.0,3600.0,Transfer,Chukwu,12.0,False
1434,2024-03-21,Thursday,Evening,Pounded Yam,Mains,2,2200.0,4400.0,Cash,Blessing,15.0,False
1435,2024-03-22,Friday,Evening,Beef Suya,Starters,2,1100.0,2200.0,Cash,Amaka,3.0,False
1436,2024-03-22,Friday,Morning,Fresh Juice,Drinks,3,700.0,2100.0,Card,Blessing,1.0,False
1437,2024-03-22,Friday,Evening,Jollof Rice,Mains,2,1800.0,3240.0,Cash,Emeka,7.0,True
1438,2024-03-22,Friday,Morning,Puff Puff,Desserts,4,450.0,1800.0,Card,Amaka,14.0,False
1439,2024-03-22,Friday,Afternoon,Chin Chin,Desserts,2,500.0,1000.0,Transfer,Blessing,12.0,False
1440,2024-03-22,Friday,Afternoon,Chapman,Drinks,3,600.0,1800.0,Transfer,Amaka,9.0,False
1441,2024-03-23,Saturday,Afternoon,Egusi Soup,Mains,1,1500.0,1500.0,Card,Blessing,13.0,False
1442,2024-03-23,Saturday,Afternoon,Fried Plantain,Starters,1,800.0,720.0,Transfer,Blessing,2.0,True
1443,2024-03-23,Saturday,Morning,Chapman,Drinks,2,600.0,1200.0,Card,Blessing,,False
1444,2024-03-23,Saturday,Evening,Pounded Yam,Mains,1,2200.0,2200.0,Cash,Emeka,10.0,False
1445,2024-03-23,Saturday,Evening,Egusi Soup,Mains,1,1500.0,1500.0,Card,Blessing,11.0,False
1446,2024-03-24,Sunday,Evening,Fried Plantain,Starters,2,800.0,1600.0,Cash,Blessing,1.0,False
1447,2024-03-24,Sunday,Morning,Beef Suya,Starters,1,1100.0,1100.0,Cash,Emeka,10.0,False
1448,2024-03-25,Monday,Evening,Zobo,Drinks,2,400.0,800.0,Cash,Blessing,13.0,False
1449,2024-03-25,Monday,Evening,Beef Suya,Starters,1,1100.0,1100.0,Card,Amaka,15.0,False
1450,2024-03-25,Monday,Afternoon,Puff Puff,Desserts,4,450.0,1800.0,Card,Chukwu,13.0,False
1451,2024-03-25,Monday,Afternoon,Chapman,Drinks,1,600.0,600.0,Cash,Amaka,14.0,False
1452,2024-03-26,Tuesday,Morning,Puff Puff,Desserts,2,450.0,900.0,Cash,Chukwu,,False
1453,2024-03-26,Tuesday,Evening,Zobo,Drinks,2,400.0,800.0,Cash,Chukwu,3.0,False
1454,2024-03-27,Wednesday,Evening,Jollof Rice,Mains,2,1800.0,3600.0,Card,Chukwu,4.0,False
1455,2024-03-27,Wednesday,Evening,Puff Puff,Desserts,2,450.0,810.0,Card,Blessing,8.0,True
1456,2024-03-27,Wednesday,Morning,Spring Rolls,Starters,3,900.0,2700.0,Cash,Amaka,6.0,False
1457,2024-03-27,Wednesday,Evening,Egusi Soup,Mains,3,1500.0,4500.0,Transfer,Emeka,8.0,False
1458,2024-03-27,Wednesday,Evening,Fresh Juice,Drinks,1,700.0,700.0,Transfer,Chukwu,,False
1459,2024-03-27,Wednesday,Morning,Jollof Rice,Mains,2,1800.0,3600.0,Cash,Emeka,13.0,False
1460,2024-03-28,Thursday,Afternoon,Puff Puff,Desserts,1,450.0,450.0,Card,Emeka,1.0,False
1461,2024-03-28,Thursday,Evening,Fried Plantain,Starters,1,800.0,800.0,Card,Blessing,,False
1462,2024-03-28,Thursday,Evening,Chapman,Drinks,1,600.0,600.0,Card,Emeka,7.0,False
1463,2024-03-28,Thursday,Evening,Fried Plantain,Starters,1,800.0,720.0,Cash,Amaka,9.0,True
1464,2024-03-29,Friday,Evening,Egusi Soup,Mains,2,1500.0,3000.0,Cash,Emeka,7.0,False
1465,2024-03-29,Friday,Afternoon,Pounded Yam,Mains,1,2200.0,2200.0,Cash,Blessing,2.0,False
1466,2024-03-29,Friday,Evening,Jollof Rice,Mains,2,1800.0,3600.0,Card,Emeka,2.0,False
1467,2024-03-30,Saturday,Evening,Chapman,Drinks,1,600.0,600.0,Cash,Amaka,,False
1468,2024-03-31,Sunday,Afternoon,Chin Chin,Desserts,2,500.0,1000.0,Cash,Emeka,1.0,False
1469,2024-03-31,Sunday,Afternoon,Beef Suya,Starters,1,1100.0,990.0,Card,Chukwu,,True
1470,2024-03-31,Sunday,Evening,Jollof Rice,Mains,2,1800.0,3600.0,Transfer,Chukwu,6.0,False
1471,2024-03-31,Sunday,Evening,Fresh Juice,Drinks,5,700.0,3150.0,Card,Amaka,4.0,True
1472,2024-04-01,Monday,Afternoon,Fried Plantain,Starters,2,800.0,1600.0,Cash,Emeka,,False
1473,2024-04-01,Monday,Evening,Jollof Rice,Mains,2,1800.0,3600.0,Transfer,Chukwu,13.0,False
1474,2024-04-01,Monday,Evening,Fresh Juice,Drinks,1,700.0,700.0,Cash,Blessing,,False
1475,2024-04-02,Tuesday,Evening,Spring Rolls,Starters,4,900.0,3240.0,Transfer,Emeka,5.0,True
1476,2024-04-02,Tuesday,Afternoon,Pepper Soup,Starters,1,1200.0,1200.0,Cash,Amaka,14.0,False
1477,2024-04-02,Tuesday,Afternoon,Fried Plantain,Starters,3,800.0,2400.0,Cash,Blessing,6.0,False
1478,2024-04-02,Tuesday,Afternoon,Pepper Soup,Starters,2,1200.0,2160.0,Transfer,Amaka,8.0,True
1479,2024-04-02,Tuesday,Afternoon,Zobo,Drinks,3,400.0,1200.0,Cash,Chukwu,,False
1480,2024-04-02,Tuesday,Evening,Beef Suya,Starters,1,1100.0,1100.0,Cash,Amaka,,False
1481,2024-04-02,Tuesday,Evening,Pounded Yam,Mains,1,2200.0,2200.0,Cash,Blessing,,False
1482,2024-04-02,Tuesday,Evening,Fried Plantain,Starters,2,800.0,1600.0,Cash,Chukwu,14.0,False
1483,2024-04-03,Wednesday,Afternoon,Beef Suya,Starters,1,1100.0,1100.0,Cash,Blessing,10.0,False
1484,2024-04-03,Wednesday,Afternoon,Puff Puff,Desserts,1,450.0,450.0,Cash,Amaka,3.0,False
1485,2024-04-03,Wednesday,Afternoon,Jollof Rice,Mains,4,1800.0,7200.0,Card,Blessing,9.0,False
1486,2024-04-03,Wednesday,Afternoon,Puff Puff,Desserts,1,450.0,450.0,Card,Blessing,6.0,False
1487,2024-04-03,Wednesday,Evening,Zobo,Drinks,1,400.0,400.0,Cash,Blessing,9.0,False
1488,2024-04-03,Wednesday,Evening,Fresh Juice,Drinks,1,700.0,700.0,Cash,Blessing,12.0,False
1489,2024-04-03,Wednesday,Afternoon,Chapman,Drinks,1,600.0,600.0,Cash,Emeka,15.0,False
1490,2024-04-04,Thursday,Evening,Beef Suya,Starters,1,1100.0,1100.0,Card,Chukwu,6.0,False
1491,2024-04-04,Thursday,Afternoon,Chapman,Drinks,5,600.0,3000.0,Cash,Chukwu,10.0,False
1492,2024-04-04,Thursday,Evening,Fried Plantain,Starters,1,800.0,800.0,Card,Amaka,,False
1493,2024-04-04,Thursday,Afternoon,Chin Chin,Desserts,1,500.0,500.0,Card,Blessing,13.0,False
1494,2024-04-04,Thursday,Evening,Puff Puff,Desserts,3,450.0,1350.0,Card,Chukwu,1.0,False
1495,2024-04-04,Thursday,Morning,Jollof Rice,Mains,1,1800.0,1800.0,Transfer,Blessing,8.0,False
1496,2024-04-05,Friday,Morning,Fried Plantain,Starters,2,800.0,1600.0,Card,Amaka,,False
1497,2024-04-05,Friday,Evening,Pounded Yam,Mains,2,2200.0,4400.0,Transfer,Chukwu,14.0,False
1498,2024-04-05,Friday,Morning,Fried Plantain,Starters,1,800.0,800.0,Cash,Emeka,15.0,False
1499,2024-04-05,Friday,Morning,Puff Puff,Desserts,3,450.0,1350.0,Card,Chukwu,4.0,False
1500,2024-04-05,Friday,Evening,Jollof Rice,Mains,3,1800.0,5400.0,Cash,Emeka,,False
1501,2024-04-05,Friday,Afternoon,Chin Chin,Desserts,2,500.0,1000.0,Cash,Amaka,10.0,False
1502,2024-04-05,Friday,Evening,Fried Plantain,Starters,2,800.0,1600.0,Cash,Chukwu,5.0,False
1503,2024-04-05,Friday,Morning,Fresh Juice,Drinks,1,700.0,700.0,Cash,Emeka,8.0,False
1504,2024-04-06,Saturday,Afternoon,Egusi Soup,Mains,2,1500.0,3000.0,Cash,Chukwu,3.0,False
1505,2024-04-06,Saturday,Evening,Fried Plantain,Starters,2,800.0,1600.0,Cash,Chukwu,5.0,False
1506,2024-04-06,Saturday,Evening,Pepper Soup,Starters,1,1200.0,1200.0,Cash,Amaka,,False
1507,2024-04-06,Saturday,Afternoon,Chin Chin,Desserts,1,500.0,500.0,Card,Emeka,8.0,False
1508,2024-04-06,Saturday,Afternoon,Beef Suya,Starters,1,1100.0,1100.0,Transfer,Blessing,8.0,False
1509,2024-04-06,Saturday,Morning,Pepper Soup,Starters,1,1200.0,1200.0,Cash,Emeka,8.0,False
1510,2024-04-06,Saturday,Morning,Chin Chin,Desserts,4,500.0,2000.0,Cash,Chukwu,10.0,False
1511,2024-04-06,Saturday,Evening,Fresh Juice,Drinks,2,700.0,1260.0,Transfer,Chukwu,1.0,True
1512,2024-04-06,Saturday,Morning,Beef Suya,Starters,4,1100.0,4400.0,Card,Blessing,4.0,False
1513,2024-04-06,Saturday,Evening,Pepper Soup,Starters,1,1200.0,1200.0,Cash,Amaka,3.0,False
1514,2024-04-06,Saturday,Evening,Chin Chin,Desserts,4,500.0,2000.0,Cash,Amaka,6.0,False
1515,2024-04-06,Saturday,Afternoon,Puff Puff,Desserts,1,450.0,450.0,Cash,Amaka,10.0,False
1516,2024-04-06,Saturday,Morning,Jollof Rice,Mains,1,1800.0,1800.0,Cash,Blessing,12.0,False
1517,2024-04-06,Saturday,Evening,Fresh Juice,Drinks,2,700.0,1400.0,Cash,Amaka,8.0,False
1518,2024-04-07,Sunday,Morning,Spring Rolls,Starters,1,900.0,900.0,Cash,Blessing,13.0,False
1519,2024-04-07,Sunday,Evening,Fried Plantain,Starters,2,800.0,1440.0,Cash,Chukwu,12.0,True
1520,2024-04-07,Sunday,Evening,Puff Puff,Desserts,3,450.0,1350.0,Card,Amaka,10.0,False
